pepname,HIA,BBB,hepatotoxicity,nephrotoxicity,score,score
PPCPW,0.6166,-0.6,-0.5125,-0.8811,0.023639869,2.363986873
VVCTY,0.9193,-0.725,-0.6038,-0.5694,0.015041452,1.504145234